{"cameraMode":{"drawMode":0,"name":"Shaded","section":"Shading Mode"},"sceneLighting":false,"audioPlay":false,"sceneViewState":{"m_AlwaysRefresh":false,"showFog":true,"showSkybox":false,"showFlares":true,"showImageEffects":true,"showParticleSystems":true,"showVisualEffectGraphs":true,"m_FxEnabled":true},"in2DMode":false,"pivot":{"x":-0.01400000136345625,"y":0.008540201000869275,"z":-0.2833999991416931},"rotation":{"x":-0.4617960453033447,"y":0.029791386798024179,"z":-0.015518547967076302,"w":-0.8863564729690552},"size":0.039949025958776477,"orthographic":false}