{"cameraMode":{"drawMode":0,"name":"Shaded","section":"Shading Mode"},"sceneLighting":false,"audioPlay":false,"sceneViewState":{"m_AlwaysRefresh":false,"showFog":true,"showSkybox":false,"showFlares":true,"showImageEffects":true,"showParticleSystems":true,"showVisualEffectGraphs":true,"m_FxEnabled":true},"in2DMode":false,"pivot":{"x":0.5699308514595032,"y":0.6168106198310852,"z":0.023669570684432985},"rotation":{"x":0.03596072643995285,"y":0.03476836904883385,"z":0.0012804865837097169,"w":-0.998774528503418},"size":0.9189547300338745,"orthographic":true}