{"cameraMode":{"drawMode":0,"name":"Shaded","section":"Shading Mode"},"sceneLighting":false,"audioPlay":false,"sceneViewState":{"m_AlwaysRefresh":false,"showFog":true,"showSkybox":false,"showFlares":true,"showImageEffects":true,"showParticleSystems":true,"showVisualEffectGraphs":true,"m_FxEnabled":true},"in2DMode":false,"pivot":{"x":1.8041406869888306,"y":0.41163119673728945,"z":0.13652771711349488},"rotation":{"x":0.034447722136974338,"y":0.04525582492351532,"z":0.0015901069855317474,"w":-0.9984071254730225},"size":0.9701856374740601,"orthographic":true}