{"cameraMode":{"drawMode":0,"name":"Shaded","section":"Shading Mode"},"sceneLighting":false,"audioPlay":false,"sceneViewState":{"m_AlwaysRefresh":false,"showFog":true,"showSkybox":false,"showFlares":true,"showImageEffects":true,"showParticleSystems":true,"showVisualEffectGraphs":true,"m_FxEnabled":true},"in2DMode":false,"pivot":{"x":-0.094200000166893,"y":0.008618360385298729,"z":-0.2515999972820282},"rotation":{"x":0.26876315474510195,"y":0.00808023102581501,"z":-0.002276910934597254,"w":0.9632007479667664},"size":0.03545666113495827,"orthographic":false}