{"cameraMode":{"drawMode":0,"name":"Shaded","section":"Shading Mode"},"sceneLighting":false,"audioPlay":false,"sceneViewState":{"m_AlwaysRefresh":false,"showFog":true,"showSkybox":false,"showFlares":true,"showImageEffects":true,"showParticleSystems":true,"showVisualEffectGraphs":true,"m_FxEnabled":true},"in2DMode":false,"pivot":{"x":0.10692889988422394,"y":-0.171541228890419,"z":1.6568467617034913},"rotation":{"x":0.32776352763175967,"y":0.005934296175837517,"z":-0.0011780541390180588,"w":0.9448668360710144},"size":0.5695897936820984,"orthographic":false}