{"cameraMode":{"drawMode":0,"name":"Shaded","section":"Shading Mode"},"sceneLighting":false,"audioPlay":false,"sceneViewState":{"m_AlwaysRefresh":false,"showFog":true,"showSkybox":false,"showFlares":true,"showImageEffects":true,"showParticleSystems":true,"showVisualEffectGraphs":true,"m_FxEnabled":true},"in2DMode":false,"pivot":{"x":1.0971391201019288,"y":0.7658311128616333,"z":0.069914311170578},"rotation":{"x":0.03596072643995285,"y":0.03476836904883385,"z":0.0012804865837097169,"w":-0.998774528503418},"size":0.8358481526374817,"orthographic":true}