{"cameraMode":{"drawMode":0,"name":"Shaded","section":"Shading Mode"},"sceneLighting":false,"audioPlay":false,"sceneViewState":{"m_AlwaysRefresh":false,"showFog":true,"showSkybox":false,"showFlares":true,"showImageEffects":true,"showParticleSystems":true,"showVisualEffectGraphs":true,"m_FxEnabled":true},"in2DMode":false,"pivot":{"x":-0.0007961905794218183,"y":-0.007470231503248215,"z":-0.006995359435677528},"rotation":{"x":0.16688187420368195,"y":-0.6990305781364441,"z":0.17256367206573487,"w":0.6737648248672485},"size":0.030013682320713998,"orthographic":false}