{"cameraMode":{"drawMode":0,"name":"Shaded","section":"Shading Mode"},"sceneLighting":false,"audioPlay":false,"sceneViewState":{"m_AlwaysRefresh":false,"showFog":true,"showSkybox":false,"showFlares":true,"showImageEffects":true,"showParticleSystems":true,"showVisualEffectGraphs":true,"m_FxEnabled":true},"in2DMode":false,"pivot":{"x":0.7430280447006226,"y":0.3072766065597534,"z":0.2159421145915985},"rotation":{"x":-0.6805635690689087,"y":0.002442209282889962,"z":-0.0022165728732943537,"w":-0.7327212691307068},"size":0.6030402183532715,"orthographic":true}