{"cameraMode":{"drawMode":0,"name":"Shaded","section":"Shading Mode"},"sceneLighting":false,"audioPlay":false,"sceneViewState":{"m_AlwaysRefresh":false,"showFog":true,"showSkybox":false,"showFlares":true,"showImageEffects":true,"showParticleSystems":true,"showVisualEffectGraphs":true,"m_FxEnabled":true},"in2DMode":false,"pivot":{"x":-0.004681713413447142,"y":0.051012951880693439,"z":-0.010133231058716774},"rotation":{"x":0.1163664162158966,"y":-0.5502442717552185,"z":0.07774987816810608,"w":0.8232128024101257},"size":0.07906054705381394,"orthographic":false}