{"cameraMode":{"drawMode":0,"name":"Shaded","section":"Shading Mode"},"sceneLighting":false,"audioPlay":false,"sceneViewState":{"m_AlwaysRefresh":false,"showFog":true,"showSkybox":false,"showFlares":true,"showImageEffects":true,"showParticleSystems":true,"showVisualEffectGraphs":true,"m_FxEnabled":true},"in2DMode":false,"pivot":{"x":0.0,"y":-0.0000010728836059570313,"z":0.0000032186508178710939},"rotation":{"x":0.14087331295013429,"y":0.0862717479467392,"z":-0.01263610552996397,"w":0.9863093495368958},"size":0.041404932737350467,"orthographic":false}