{"cameraMode":{"drawMode":0,"name":"Shaded","section":"Shading Mode"},"sceneLighting":false,"audioPlay":false,"sceneViewState":{"m_AlwaysRefresh":false,"showFog":true,"showSkybox":false,"showFlares":true,"showImageEffects":true,"showParticleSystems":true,"showVisualEffectGraphs":true,"m_FxEnabled":true},"in2DMode":false,"pivot":{"x":0.144002765417099,"y":0.521213173866272,"z":-0.7395725250244141},"rotation":{"x":-0.4683986008167267,"y":-0.011369273997843266,"z":0.00611276226118207,"w":-0.8834761381149292},"size":0.07778334617614746,"orthographic":false}