{"cameraMode":{"drawMode":0,"name":"Shaded","section":"Shading Mode"},"sceneLighting":true,"audioPlay":false,"sceneViewState":{"m_AlwaysRefresh":false,"showFog":true,"showSkybox":true,"showFlares":true,"showImageEffects":true,"showParticleSystems":true,"showVisualEffectGraphs":true,"m_FxEnabled":true},"in2DMode":false,"pivot":{"x":0.08886606246232987,"y":0.002396652474999428,"z":1.1392866373062134},"rotation":{"x":-0.3500475287437439,"y":-0.0008251065155491233,"z":0.00036880793049931526,"w":-0.9367712140083313},"size":0.05287288501858711,"orthographic":false}