{"cameraMode":{"drawMode":0,"name":"Shaded","section":"Shading Mode"},"sceneLighting":false,"audioPlay":false,"sceneViewState":{"m_AlwaysRefresh":false,"showFog":true,"showSkybox":false,"showFlares":true,"showImageEffects":true,"showParticleSystems":true,"showVisualEffectGraphs":true,"m_FxEnabled":true},"in2DMode":false,"pivot":{"x":1.0269924402236939,"y":0.35753539204597475,"z":0.10074138641357422},"rotation":{"x":0.03596072643995285,"y":0.03476836904883385,"z":0.0012804865837097169,"w":-0.998774528503418},"size":1.0819412469863892,"orthographic":true}