{"cameraMode":{"drawMode":0,"name":"Shaded","section":"Shading Mode"},"sceneLighting":true,"audioPlay":false,"sceneViewState":{"m_AlwaysRefresh":false,"showFog":true,"showSkybox":true,"showFlares":true,"showImageEffects":true,"showParticleSystems":true,"showVisualEffectGraphs":true,"m_FxEnabled":true},"in2DMode":false,"pivot":{"x":0.04820457845926285,"y":0.09170684218406677,"z":1.235611915588379},"rotation":{"x":0.4462989270687103,"y":-0.0005513203213922679,"z":0.0002507928875274956,"w":0.8949171304702759},"size":0.2574717700481415,"orthographic":false}