{"cameraMode":{"drawMode":0,"name":"Shaded","section":"Shading Mode"},"sceneLighting":true,"audioPlay":false,"sceneViewState":{"m_AlwaysRefresh":false,"showFog":true,"showSkybox":true,"showFlares":true,"showImageEffects":true,"showParticleSystems":true,"showVisualEffectGraphs":true,"m_FxEnabled":true},"in2DMode":false,"pivot":{"x":0.015385981649160385,"y":0.15152683854103089,"z":1.2161918878555298},"rotation":{"x":0.2805922031402588,"y":0.1865122765302658,"z":-0.055693406611680987,"w":0.9399134516716003},"size":0.4044332206249237,"orthographic":false}