{"cameraMode":{"drawMode":0,"name":"Shaded","section":"Shading Mode"},"sceneLighting":true,"audioPlay":false,"sceneViewState":{"m_AlwaysRefresh":false,"showFog":true,"showSkybox":true,"showFlares":true,"showImageEffects":true,"showParticleSystems":true,"showVisualEffectGraphs":true,"m_FxEnabled":true},"in2DMode":false,"pivot":{"x":679.4095458984375,"y":1237.123291015625,"z":5.17120361328125},"rotation":{"x":0.012305045500397683,"y":0.020977405831217767,"z":-0.0003215884498786181,"w":0.9997618198394775},"size":644.4080810546875,"orthographic":true}