{"cameraMode":{"drawMode":0,"name":"Shaded","section":"Shading Mode"},"sceneLighting":true,"audioPlay":false,"sceneViewState":{"m_AlwaysRefresh":false,"showFog":true,"showSkybox":true,"showFlares":true,"showImageEffects":true,"showParticleSystems":true,"showVisualEffectGraphs":true,"m_FxEnabled":true},"in2DMode":false,"pivot":{"x":0.1715409904718399,"y":-0.3035387098789215,"z":1.4616813659667969},"rotation":{"x":0.4340609908103943,"y":0.022830286994576455,"z":-0.011343971826136113,"w":0.9006327390670776},"size":0.3415260910987854,"orthographic":false}