{"cameraMode":{"drawMode":0,"name":"Shaded","section":"Shading Mode"},"sceneLighting":false,"audioPlay":false,"sceneViewState":{"m_AlwaysRefresh":false,"showFog":true,"showSkybox":false,"showFlares":true,"showImageEffects":true,"showParticleSystems":true,"showVisualEffectGraphs":true,"m_FxEnabled":true},"in2DMode":false,"pivot":{"x":-0.00008362345397472382,"y":0.00004058424383401871,"z":0.000040584011003375053},"rotation":{"x":-0.313479483127594,"y":0.036086734384298328,"z":-0.009426665492355824,"w":-0.9491546154022217},"size":0.019761519506573678,"orthographic":false}