{"cameraMode":{"drawMode":0,"name":"Shaded","section":"Shading Mode"},"sceneLighting":false,"audioPlay":false,"sceneViewState":{"m_AlwaysRefresh":false,"showFog":true,"showSkybox":false,"showFlares":true,"showImageEffects":true,"showParticleSystems":true,"showVisualEffectGraphs":true,"m_FxEnabled":true},"in2DMode":false,"pivot":{"x":-0.000126618891954422,"y":0.0037802942097187044,"z":0.003780293744057417},"rotation":{"x":-0.38904261589050295,"y":-0.015223733149468899,"z":0.007159130182117224,"w":-0.9212300777435303},"size":0.043011754751205447,"orthographic":false}