{"cameraMode":{"drawMode":0,"name":"Shaded","section":"Shading Mode"},"sceneLighting":false,"audioPlay":false,"sceneViewState":{"m_AlwaysRefresh":false,"showFog":true,"showSkybox":false,"showFlares":true,"showImageEffects":true,"showParticleSystems":true,"showVisualEffectGraphs":true,"m_FxEnabled":true},"in2DMode":false,"pivot":{"x":-0.01400000136345625,"y":0.006118360441178083,"z":-0.2833999991416931},"rotation":{"x":0.07514067739248276,"y":-0.2031795233488083,"z":0.015572057105600834,"w":0.976161003112793},"size":0.04176623001694679,"orthographic":false}